id,nome
1,Daniel
2,Gabriel
3,Adriano
4,Hattie Smallcomb
5,Connor Pentelow
6,Brade Twallin
7,Ella Lampbrecht
8,Jorey Perche
9,Blakeley Gilligan
10,Avis Domek
11,Glynnis Yankishin
12,Fawn Pull
13,Coretta MacFarlane
14,Genvieve Sink
15,Neille Tewkesbury
16,Franz Farnfield
17,Karita Espinola
18,Puff Gunton
19,Aldric Delmage
20,Eliza Kinahan
21,Manon Satterly
22,Karee Brien
23,Dion Meighan
24,Fin Humpatch
25,Timofei MacInherney
26,Happy Carlon
27,Lynn Rumbold
28,Kaye Reitenbach
29,Traci Deverill
30,Lorry Snalham
31,Rosanne Mussotti
32,Brandais Cleghorn
33,Fulvia Goudge
34,Hernando Basketfield
35,Temp Buncombe
36,Maire Sumers
37,Yves Escalero
38,Donna Shawley
39,Aloisia Bolus
40,Mason Doumenc
41,Aviva Meatcher
42,Willa Pulley
43,Freda Cancutt
44,Ed Skeermor
45,Ewan Cammomile
46,Vere Mabe
47,Shana Crips
48,Jeniffer Cholomin
49,Stafford Denzey
50,Joelynn Ungerechts
51,Seth Snuggs
52,Cyndie Gasson
53,Ogdon Fone
54,Dilan Galle
55,Julieta Glass
56,Karissa McGarrell
57,Krishnah Lightfoot
58,Bentley Gerrie
59,Alvina Donovin
60,Esma Hevner
61,Cherilyn Campkin
62,Ozzy Ovanesian
63,Natalee Manjin
64,Shelly Gauford
65,Josi Sidwick
66,Donal Teasey
67,Osgood Acreman
68,Ransell Furmagier
69,Reinhard Ledgerton
70,Laryssa Whordley
71,Shandee McMillam
72,Helyn Brackley
73,Reginald Goodrum
74,Katee Dullingham
75,Fredra Thornley
76,Renae Heavens
77,Anders Roelvink
78,Wenonah Faires
79,Arty Oakeby
80,Athena Burchall
81,Pete Cubbit
82,Vasili Gibard
83,Romy Kenealy
84,Feodor Errichiello
85,Claretta Burrus
86,Kimble Beeby
87,Iorgos Argrave
88,Yorgo Kenchington
89,Saul Clulow
90,Jennette Heiss
91,Karola Demonge
92,Trudi Bauduccio
93,Morse Duckinfield
94,Cindee O'Grady
95,Karney Brumbye
96,Anderson Lark
97,Cole Chestney
98,Carolee Tesdale
99,Hedvig Lavies
100,Fania Camin
101,Delcine Bracken
102,Moshe Wingeatt
103,Ronny Tilbrook
104,Ronald Fidgin
105,Chaddie Sanpere
106,Averil Sponer
107,Cullen Buckthorpe
108,Ludovika Cron
109,Glynda Selwood
110,Philippa O'Dennehy
111,Othella Konzel
112,Janos Saunter
113,Nelia Frosch
114,Perri De Malchar
115,Seamus Snassell
116,Danna Trubshawe
117,Regen Rapp
118,Hanna Gadaud
119,Orazio Ambler
120,Roddy Bronot
121,Torey Impey
122,Gannon Welfare
123,Gradeigh McLarnon
124,Lilllie Churchouse
125,Pammy Tomsett
126,Miriam Limming
127,Myrtia Lapworth
128,Bartel Rubinowitz
129,Kevon Crathorne
130,Colly Jahnke
131,Carlie Guidini
132,Jess Bruyntjes
133,Howie Gallichan
134,Harper Toor
135,Vita MacConnel
136,Vita Fieldgate
137,Maximo Baitman
138,Aeriell Plenderleith
139,Lanae Lening
140,Dennison Rivlin
141,Nicoli Lucius
142,Opalina Budgen
143,Monti Tonkin
144,Brendis Ludman
145,Branden Yelland
146,Dolly Veltmann
147,Terri-jo Pendrick
148,Northrop Westby
149,Augustus Eacott
150,Avictor Jacobsohn
151,Stefanie Bennetto
152,Alon Gronow
153,Ronica O'Neal
154,Carly Eggleson
155,Gunter Lascelles
156,Edward Bulfield
157,Karna Riseborough
158,Thelma Birkinshaw
159,Lissy Makepeace
160,Jamaal Murie
161,Germana Camm
162,Catherin Coarser
163,Cull Marcinkus
164,Gertrud Zannini
165,Richart Corbishley
166,Bryanty Allen
167,Cora St Ange
168,Tiffani Gildersleeve
169,Devi Collisson
170,Anallese Lovett
171,Terrie Goranov
172,Gisela Brobak
173,Rey Muglestone
174,Napoleon Fishlee
175,Stephenie Easey
176,Valenka Mehew
177,Juli Barron
178,Stanley Rawlinson
179,Ranna McLevie
180,Dew Larrington
181,Miltie Cypler
182,Wilt Koche
183,Dulcine Ratt
184,Veradis Flieger
185,Silvia McGrowther
186,Phillis Le Marchand
187,Ivan Greatrex
188,Reagen Lemonnier
189,Ase Senior
190,Sybille Giacopazzi
191,Grata Pridding
192,Udale Stanning
193,Olive Burdis
194,Goldina Huffer
195,Adan Fortoun
196,Deirdre Ivins
197,Chet Withinshaw
198,Maddalena Filpo
199,Breena Manjin
200,Bili Pavyer
201,Carlyn Sangwin
202,Carolyne Ransom
203,Katusha Lyddy
204,Jerome Colton
205,Cosetta Gotecliffe
206,Fayette Liepmann
207,Neddie Week
208,Eudora Godard
209,Salvatore Shelp
210,Casi Gullefant
211,Jule Bleazard
212,Iolanthe Stivens
213,Linus Houndson
214,Nathalia Heymes
215,Dorris Mallord
216,Niel McKleod
217,Saxe Snadden
218,Banky Mindenhall
219,Myrle Haylands
220,Konstantin Ketteridge
221,Sibeal Bullus
222,Tessy Flemmich
223,Dareen Tinkham
224,Rebbecca Bims
225,Ellene Huyton
226,Deirdre McRobert
227,Eryn Scrane
228,Brittan Foister
229,Sabrina Powling
230,Aksel Edis
231,Uta Doberer
232,Rad Seeking
233,Angelique Bridges
234,Claude Margerrison
235,Sanderson Lichfield
236,Atlante Birth
237,Gerome Camerati
238,Mufi Amoss
239,Johny Jorin
240,Beltran Cheves
241,Chadwick Learmont
242,Flora Digance
243,Myrtie Kynder
244,Antoine Claw
245,Edgardo Hadwick
246,Avrom Stebbings
247,Jaquelin de Werk
248,Dolph Mateuszczyk
249,Guillema Farnin
250,Joanne Leheude
251,Teresina Fores
252,Davy Ruppel
253,Hersch Smallridge
254,Leshia Beddingham
255,Harry Mattusov
256,Arley Blasiak
257,Avis Mytton
258,Rozele Donavan
259,Ollie Godthaab
260,Dyna Spurret
261,Odo Tesoe
262,Clyve Stares
263,Harvey Woodington
264,Boyce Collens
265,Pail Osburn
266,Ronna Onyon
267,Belicia Hirschmann
268,Elvis Greatland
269,Lidia MacNulty
270,Dacia Tomich
271,Kendricks Muddle
272,Katheryn Poznanski
273,Abbi Crimin
274,Melania Lansley
275,Milo Spanton
276,Nance Jime
277,Eberto Marlin
278,Eliza Arnatt
279,Tanhya Hartlebury
280,Shelley Lanceter
281,Ilsa Poor
282,Caressa Fallens
283,Erick Fenna
284,Trent Gammidge
285,Katuscha Sunner
286,Eugenius Cowtherd
287,Washington Duchasteau
288,Helsa Langsbury
289,Hanan Danielsohn
290,Gwen Jellyman
291,Brit Cadge
292,Renie Mattke
293,Ingeberg Hamstead
294,Celestine Agnew
295,Devlin Harniman
296,Ramsay Riddall
297,Sybil O'Nolan
298,Clevey Axten
299,Cornie Cleaton
300,Lindi Diack
301,Gypsy Paddemore
302,Samson McEttigen
303,Bentlee Treversh
304,Corbie McClune
305,Carlyn Ofener
306,Vlad Antcliffe
307,Colette Menichini
308,Vinny Congrave
309,Jill Ivashev
310,Micky Tellett
311,Evonne Dunbabin
312,Vergil Hymus
313,Geno Ortell
314,Petrina Ricciardo
315,Maxie Reimer
316,Lodovico Gennrich
317,August Shermore
318,Akim Crotty
319,Alric Murra
320,Eddi Horrigan
321,Bertha Abisetti
322,Myca Sancias
323,Holly Berthome
324,Hastings Dyos
325,Golda Cabrara
326,Lionel Offer
327,Lauretta Airdrie
328,Lavina Abraham
329,Cale Tanswill
330,Chane McCarrison
331,Laura Abys
332,Arri Skalls
333,Sonya Maudling
334,Prent Loyd
335,Reina Janovsky
336,Arie Reddel
337,Liz Bonnick
338,Corey Cansdill
339,Iago Ballantine
340,Nettle Brim
341,Jeane Carlo
342,Scot Crosfield
343,Connie Hutchin
344,Natale Falkingham
345,Jennilee Droghan
346,Tommy Gipps
347,Sanders Munnion
348,Glenn Brettle
349,Cherri Hulance
350,Natka Rawdales
351,Damien Newcomen
352,Gabriello Benediktsson
353,Row Peteri
354,Jerad Boffey
355,Sher Winscom
356,Toinette Bilbie
357,Heida Stoodley
358,Dalt Iacoboni
359,Sisile Pounds
360,Marget Goodie
361,Odelinda Hallyburton
362,Letisha Ysson
363,Elton Hartill
364,Lottie Haack
365,Leonelle Nabarro
366,Mendie Giraux
367,Piggy Jeff
368,Joshua Tennet
369,My Insall
370,Fannie Fesby
371,Emylee Langsbury
372,Sabina Kentish
373,Chalmers Petch
374,Josiah Grubb
375,Nadia Hampton
376,Orrin Theze
377,Orelle Coen
378,Emmery Yateman
379,Beryle Greenly
380,Melisande Allsupp
381,Yanaton Idill
382,Elizabeth Silverthorne
383,Kort Hounsome
384,Hazlett Grunson
385,Rania Currin
386,Kale Bougourd
387,Jordon Jedrzejkiewicz
388,Anastassia Laudham
389,Flinn Walby
390,Madge Fellgett
391,Lauren Retallick
392,Hannis Tomsett
393,Florentia Crawshaw
394,Egon Duffus
395,Collin Gobat
396,Trumaine Sapson
397,Mehetabel Harome
398,Ashly Andras
399,Diann Bleything
400,Lee Humphrey
401,Jacki Zukierman
402,Adelaide Patzelt
403,Vilma McGerr
404,Merilyn Dowzell
405,Earl Carvell
406,Daren Filipychev
407,Thornton Kernell
408,Gaylor Fishlock
409,Afton Knok
410,Tadd Gon
411,Sanders Keat
412,Georgianna Yosifov
413,Taylor Abson
414,Leela Scanterbury
415,Irvine Rubinsaft
416,Linnet Tizard
417,Bernard Olrenshaw
418,Cherrita Freezor
419,Frederique Stansfield
420,Seymour Presser
421,Fidela Frankham
422,Panchito Connold
423,Phebe Dogerty
424,Cesar Battyll
425,Saxon Romayne
426,Bendick Harbage
427,Vince Lipp
428,Dredi Urling
429,Roseann Arnefield
430,Sherwin Fayerbrother
431,Scot Hannibal
432,Gallard Trevers
433,Zachary Yepiskov
434,Susana Tosh
435,Nat Cosham
436,Kristo Pray
437,Dosi Durrant
438,Renelle Epinoy
439,Sheppard Rowet
440,Elbertine Claffey
441,Quinta Rothermel
442,Sheeree Searson
443,Cookie Kienl
444,Bobbi Temby
445,Sibilla Muncer
446,Luciana D'Errico
447,Archaimbaud Youthead
448,Nikolas Penk
449,Mallissa Cartmill
450,Kelbee Sobczak
451,Ninette Isles
452,Wilie Tothacot
453,Romola Ponten
454,Fayina Karsh
455,Margaretha Weinmann
456,Rudolfo Kilgour
457,Vic Meredyth
458,Bee Sidey
459,Kennedy Ateggart
460,Marcy Ashtonhurst
461,Leland Stracey
462,Rodolfo MacChaell
463,Roley Kerrich
464,Selby Weekland
465,Beatrisa Jeakins
466,Blakelee Frigot
467,Ronda Kibbe
468,Tootsie Fominov
469,Richmound Crocker
470,Jackqueline Tansley
471,Faydra Foan
472,Bernardo Baff
473,Douglass Ussher
474,Letty Whinray
475,Faulkner Bendall
476,Adriena Snodden
477,Cammi Prator
478,Adam Kiff
479,Lise Levee
480,Maryjo McCandie
481,Marysa Duddell
482,Gertrude Morais
483,Bartholomeus Neubigging
484,Ellary Jesson
485,Michale Bolino
486,Heath Rockhall
487,Cornelle Derrick
488,Eduardo Pearson
489,Boothe Riddell
490,Kariotta Matschuk
491,Claresta Baldung
492,Mano Leeman
493,Sanford Broscombe
494,Aurlie Amburgy
495,Roseline Tolliday
496,Rinaldo Piggins
497,Isidro Sirett
498,Lianna Peert
499,Denny Plascott
500,Der Grooby
501,Gena Oaten
502,Darnall Flaunders
503,Aretha Becker
504,Rivi Huban
505,Farrel Meriel
506,Marys Ruggen
507,Dorolisa Hamnet
508,Dru Le Brom
509,Lorenza Carhart
510,Ertha Loftie
511,Euell Wimlett
512,Rita Easseby
513,Donia Downage
514,Kori Minchinton
515,Klemens Popplestone
516,Amy Spight
517,Farand Andre
518,Issy Newberry
519,Sherry Varfolomeev
520,Madelin Schoolcroft
521,Athene Westmacott
522,Beckie Haskew
523,Bruis Rimell
524,Katerina Kempe
525,Bartholomeo Pryde
526,Jerrold Canwell
527,Smith O'Beirne
528,Kurt Jilkes
529,Rosco Raoul
530,Viola Spafford
531,Rube Clem
532,Ashil Best
533,Hana Rutt
534,Bertie Kellog
535,Jeromy Pletts
536,Koenraad Barnardo
537,Zacherie Marqyes
538,Callean Paraman
539,Raleigh Swindon
540,Danit Kennford
541,Marillin Casarili
542,Lemmy Shears
543,Abigael Pales
544,Latisha Rogeon
545,Hillard Sarten
546,Alexio Jeger
547,Marlyn Janicijevic
548,Tiphani Murrhardt
549,Corrine Balazot
550,Granger Vaughn
551,Hansiain Robroe
552,Dolorita Girardoni
553,Garret Dumbreck
554,Harry Candey
555,Evelina Neggrini
556,Bendicty Croughan
557,Calla Pepon
558,Ryann Gorse
559,Rodina Geater
560,Joan Gerwood
561,Hubie Nottingam
562,Bernardine Sugden
563,Kimberli Bathersby
564,Velvet Davy
565,Benedetta Purches
566,Leanna McGriffin
567,Brendis Hullah
568,Frayda Popplewell
569,Greg Sporle
570,Katerina Colbran
571,Naomi Tackley
572,Olin Dennistoun
573,Milena O'Toole
574,Tremayne Durbin
575,Kimbell Tivers
576,Fremont Houtby
577,Violetta Artin
578,Corby Moizer
579,Timoteo Ropp
580,Mathilda Pessolt
581,Sashenka Casse
582,Laina Vallerine
583,Son Cruddace
584,Hyatt Churching
585,Opalina Grimoldby
586,Dennis Drepp
587,Danny Strachan
588,Angel Vasin
589,Bernelle Halesworth
590,Edyth Leeburn
591,Leonard Studde
592,Winnah Blofield
593,Alva Shafto
594,Spenser Jakov
595,Carin Purle
596,Trixy Boyde
597,Lorettalorna Parkin
598,Abigael Flux
599,Frayda Ambroix
600,Martin Alman
601,Astra Bisterfeld
602,Duff Simnell
603,Conrado Babe
604,Josi Manoch
605,Philomena Ranger
606,Jeanette Battleson
607,Rurik Campe
608,Belicia Scemp
609,Tab Bollis
610,Ulrika Cherry
611,Nicolais Alleyn
612,Joy Ely
613,Michaeline Laweles
614,Mia Caldayrou
615,Patten Samweyes
616,Quent Bettleson
617,Stanfield Danielis
618,Cyndi Pigrome
619,Margalo Fiorentino
620,Far Daulby
621,Austen Stobo
622,Frants Rossey
623,Celisse Caselick
624,Lisette Guppey
625,Mercy Fleeming
626,Marne Heighton
627,Sherline Franzewitch
628,Philippa Stuchbury
629,Crin Westfield
630,Loleta Trusse
631,Letty Bickerstaffe
632,Lynnea Bussey
633,Giustina Fidal
634,Dale Scandroot
635,Morris Shorton
636,Melantha Longdon
637,Cornelle Quarton
638,Gabby Airs
639,Jeffie Jaeggi
640,Archibald Brightling
641,Arlena Liebmann
642,Bucky Ridde
643,Giralda Collip
644,Alexandrina Masic
645,Ajay Purches
646,Jose Hoofe
647,Dulsea McSparran
648,Lucky Lamming
649,Lilith Danell
650,Loise Woodruff
651,Netty Bedells
652,Andee Van Arsdalen
653,Reinwald Dodridge
654,Papagena Lamas
655,Matt Cicerone
656,Kent Pioch
657,Rosamond Haugh
658,Brooks Enston
659,Estell Capewell
660,Tamma Sieb
661,Meade Butterley
662,Seumas Blinder
663,Teddy Snoding
664,Bertrando Ivanchin
665,Burr Whittleton
666,Wells Aven
667,Janela Behnen
668,Klarrisa Lemarie
669,Engelbert Zaple
670,Jefferey Stiff
671,Dante Lorraine
672,Maddalena Rhymer
673,Feodora Smouten
674,Irwinn Willstrop
675,Constantine Branni
676,Annelise Rowbrey
677,Leland Livezley
678,Ruy Earl
679,Addy Pinchin
680,Wynny MacFaul
681,Lory Dickinson
682,Marti Cheney
683,Nancee Bonhomme
684,Merrill Navan
685,Dud Wilcock
686,Samantha Turbayne
687,Berkie Russ
688,Enriqueta Chicchelli
689,Sasha Summers
690,Karlotte Sturgeon
691,Oswell Ritchie
692,Ravi Neiland
693,Angeli Yakushkev
694,Brande Longina
695,Granny Ryton
696,Megan Sparks
697,Saunder Clappison
698,Sherm Esparza
699,Seward Madge
700,Jasper Dymott
701,Ruthie Ockendon
702,Sherwin Genn
703,Anneliese Bamling
704,Carlyn Winter
705,Tersina Culver
706,Fayette Pentecost
707,Tierney Meardon
708,Tedi Brokenshaw
709,Milzie Richardes
710,Melisandra McGrory
711,Nickie Piolli
712,Milty Clingoe
713,Meaghan Novotna
714,Malorie Triggel
715,Blayne Trulocke
716,Clive Mackness
717,Darcy McGarel
718,Leanora Fillan
719,Frasquito Aires
720,Bobine McNab
721,Laina Rosekilly
722,Cassie Bentke
723,Ortensia Pashley
724,Rochell Senecaux
725,Eada Clemonts
726,Teddy Attenborough
727,Nissa Rodman
728,Farlee Conybear
729,Godard Dunstall
730,Suki Eallis
731,Ephrem Szachniewicz
732,Kelbee Harrinson
733,Tonya Sego
734,Marget McLernon
735,Mair Treleven
736,Burk Simons
737,Heindrick Alleburton
738,Grange Varley
739,Lucita Campanelle
740,Petra Edgar
741,Cazzie Darnbrough
742,Kimmi Vizor
743,Andrea Cocke
744,Oona Gravett
745,Salome Wheildon
746,Sharity Erwin
747,Ezekiel Liebrecht
748,Rhianna Farens
749,Dore Greenless
750,Ruthanne Rands
751,Katrina Choak
752,Therese Feechan
753,Arly Boshers
754,Nikoletta Tupp
755,Mathian Bridgeland
756,Merrili Pepi
757,Corinne Ligoe
758,Piotr Knights
759,Claretta Drable
760,Ruprecht Aitchinson
761,Halley Elphinstone
762,Gelya Ring
763,Pavlov Sowden
764,Ralina Roxburgh
765,Cati McLugaish
766,Ryon Hold
767,Efrem Gianolini
768,Waylon Howgate
769,Brunhilda Plowman
770,Hans Gymlett
771,Elden Alexandrou
772,Chancey Kahen
773,Renault Ivanikov
774,Hubert Thexton
775,Lay Dyne
776,Broderic O' Mahony
777,Rufe Romer
778,Dawn Miettinen
779,Ash Dunnan
780,Brendis Endrici
781,Lila Dunkirk
782,Ferguson Szymanski
783,Petr Bampford
784,Anne-marie Bestwick
785,Reggie Small
786,Caz Crellin
787,Stan Champe
788,Wenona Popworth
789,Sher Jerman
790,Kent Smiley
791,Byran Ilyushkin
792,Yolande Hubbucke
793,Zacherie Lauderdale
794,Harry Lamplugh
795,Georgy Axton
796,Vonni Lailey
797,Stoddard Meeking
798,Corilla Barnes
799,Daryle Barrim
800,Cheston Joncic
801,Ashlen House
802,Alejandrina Brame
803,Dermot Wandtke
804,Christabel McCrum
805,Darbee Scoggin
806,Hilliary Fenny
807,Beaufort Scimoni
808,Bancroft Sorrell
809,Celestina Barizeret
810,Katleen Ellam
811,Antonino Geer
812,Ivie Kyndred
813,Barry Ible
814,Luis Drysdell
815,Collie Brackenridge
816,Asia Thaine
817,Shaylah Maddock
818,Noam Ville
819,Monique Luesley
820,Noble Nathon
821,Marcellus De Freyne
822,Stanfield Rosthorn
823,Quinn Gye
824,Delores Ponte
825,Whittaker Graybeal
826,Bartolemo Dandie
827,Welby Morcomb
828,Gawain Aleksankin
829,Harriott Crabb
830,Adelheid Tomblin
831,Dotty Ledward
832,Livvie Denniston
833,Norean Garie
834,Gui Lusted
835,Hadlee Shortcliffe
836,Diarmid Jakovijevic
837,Sauveur Scrivenor
838,Devondra Guthrie
839,Albie Poone
840,Sadye Peschke
841,Marrilee Moland
842,Boyd Serrier
843,Rocky Curnick
844,Doralia MacAvaddy
845,Jaye Cannam
846,Robbert Canto
847,Clevey Jallin
848,Cherida Cubbin
849,Sabrina Kirkham
850,Web Biers
851,Sergent Delgadillo
852,Drew Bohlsen
853,Imogene Standell
854,Alfy Burrows
855,Rutter Gaitone
856,Sephira De Ortega
857,Flemming Ensor
858,Eva Stollenwerck
859,Joyce Maytom
860,Padgett Blogg
861,Rhetta Doorbar
862,Minne Soppitt
863,Onofredo Berkely
864,Jasun Aleksandrikin
865,Peadar Gardner
866,Sonni Hardistry
867,Vivien Le Breton
868,Tessa Phillot
869,Elicia Pudden
870,Nelly Coppock.
871,Denise Wadham
872,Juana De Vaar
873,Ruddie Lauder
874,Gretna Mallows
875,Bambie Trevaskiss
876,Peirce Levee
877,Cristina Harriott
878,Otis Collie
879,Lenna Bamber
880,Robyn Cavanagh
881,Tammi Woofendell
882,Christoper Trebble
883,Barney Squirrell
884,Margareta Sokell
885,Em Lamberto
886,Doug Allmen
887,Kristofor Lazar
888,Rosalind Paireman
889,Prent Matous
890,Skip Pimblett
891,Kelvin Sturzaker
892,Jocelin Boissier
893,Chelsy Riteley
894,Engelbert Tellenbrok
895,Kelsey Palay
896,Putnam Greader
897,Arielle Kimbrough
898,Linda Ilyukhov
899,Ogden Chubb
900,Goldarina Fortin
901,Irita McIlvenna
902,Chaunce Millsom
903,Chiquita McClure
904,Kaitlyn Coopey
905,Callida Cheesley
906,Cordey Kubista
907,Shermie Potbury
908,Alfy Bevar
909,Jessie Slay
910,Dyna Bradburn
911,Sadye Le Quesne
912,Walt Hendrich
913,Jorge Chesnut
914,Letty Walkden
915,Agnola Akker
916,Ilysa Braundt
917,Kizzie Yeudall
918,Lancelot Comettoi
919,Stephani McGlaud
920,Lillian Shrimpling
921,Traver Flooks
922,Kristan Leeson
923,Livvie Piddlehinton
924,Kendricks Sutor
925,Andrea Yea
926,Hale Mallender
927,Bryna Damato
928,Vernen Forsdyke
929,Oralee Axup
930,Cy Byram
931,Gustavo Chestnut
932,Genni Dovydenas
933,Fair Phear
934,Bennett Edling
935,Terrye Berthot
936,Horton Kneeland
937,Yorke Gateland
938,Janis McGow
939,Janis Worsnip
940,Richie Ilson
941,Annie Babalola
942,Elvyn Frearson
943,Annis Fonquernie
944,Alphonse Belliard
945,Jammal Doick
946,Arron Ades
947,Bridget Sutherden
948,Anton Seton
949,Hyman Goundry
950,Ed Whall
951,Ealasaid Drayn
952,Daren Abbatt
953,Sunny Linck
954,Mag Bottoms
955,Elvis Prydden
956,Jarret Darnody
957,Killy Corkill
958,Jacinta Andryszczak
959,Lorilyn Melchior
960,Guenna Wilprecht
961,Joela Shuxsmith
962,Shawn Goschalk
963,Jarret Boobier
964,Courtnay Bramont
965,Cirilo Winks
966,Mylo Swindells
967,Carrol Baynard
968,Abbie Songist
969,Hurley Denisyuk
970,Bond Kissell
971,Truda Franceschelli
972,Lucius Tumpane
973,Caitlin Rowan
974,Wendye Cheng
975,Verla Yeend
976,Kacie McCord
977,Noreen Purton
978,Randy Fidell
979,Genny Tyght
980,Stacia Heppenspall
981,Ryon Gatman
982,Trude Zimmer
983,Sydel Beglin
984,Gradeigh Skirvane
985,Chrysa Skermer
986,Cris Phippen
987,Dexter Benger
988,Sherman Baudry
989,Alexei Zammett
990,Gus Doonican
991,Riannon Cattanach
992,Rhianna Algy
993,Sandor Cumpton
994,Erastus Newhouse
995,Denni Antonovic
996,Eben Gwilym
997,Derick Ceaser
998,Annamaria I'anson
999,Domenic Beiderbeck
1000,Binni Emilien
1001,Michale Wyon
1002,Paolina Dericot
1003,Kylie Alfuso
